insert into categories (code, name, description, active) values ("TECH", "Tecnology", "", true);
insert into categories (code, name, description, active) values ("OFFI", "Office", "", true);
insert into categories (code, name, description, active) values ("HOME", "Home", "", true);

insert into warehouses (code, name, description, active) values ("BN01", "Bogotá Norte 01", "", true);
insert into warehouses (code, name, description, active) values ("BC01", "Bogotá Centro 01", "", true);
insert into warehouses (code, name, description, active) values ("BS01", "Bogotá Sur 01", "", true);
insert into warehouses (code, name, description, active) values ("BS02", "Bogotá Sur 02", "", true);

insert into articles (code, name, description, category_id, active) values ("A001", "Laptop Asus R05", "Computador portátil", 1, true);
insert into articles (code, name, description, category_id, active) values ("A002", "Mouse Inalámbrico Logitech", "Mouse Inalámbrico Logitech", 1, true);
insert into articles (code, name, description, category_id, active) values ("B001", "Silla de Oficina Remintong", "Silla de Oficina Remintong", 2, true);
insert into articles (code, name, description, category_id, active) values ("B002", "Escritorio Arminto", "Escritorio Arminto", 2, true);
insert into articles (code, name, description, category_id, active) values ("B003", "Lampara de Escritorio Venus", "Lampara de Escritorio Venus", 2, true);
insert into articles (code, name, description, category_id, active) values ("B004", "Reposa pies Remintong", "Reposa pies Remintong", 2, true);
insert into articles (code, name, description, category_id, active) values ("C001", "Sofá Primavera Verde", "Sofá Primavera Verde", 3, true);
insert into articles (code, name, description, category_id, active) values ("C002", "Espejo Cassandra", "Espejo Cassandra", 3, true);
insert into articles (code, name, description, category_id, active) values ("C003", "Comedor Arturo VI", "Comedor Arturo VI", 3, true);

insert into inventories (date, article_id, quantity, price, movement, warehouses_id, description) values ("2025-01-01", "B004", 9, 184.86, "1", "BS01", "Entrada de 9 Reposa pies Remintong");
insert into inventories (date, article_id, quantity, price, movement, warehouses_id, description) values ("2025-01-01", "C002", 20, 158.87, "1", "BS02", "Entrada de 20 Espejo Cassandra");
insert into inventories (date, article_id, quantity, price, movement, warehouses_id, description) values ("2025-01-04", "C003", 14, 60.06, "1", "BC01", "Entrada de 14 Comedor Arturo VI");
insert into inventories (date, article_id, quantity, price, movement, warehouses_id, description) values ("2025-01-14", "C003", 6, 123.48, "1", "BS02", "Entrada de 6 Comedor Arturo VI");
insert into inventories (date, article_id, quantity, price, movement, warehouses_id, description) values ("2025-01-18", "B002", 7, 149.24, "1", "BC01", "Entrada de 7 Escritorio Arminto");
insert into inventories (date, article_id, quantity, price, movement, warehouses_id, description) values ("2025-01-18", "A001", 11, 73.63, "1", "BN01", "Entrada de 11 Laptop Asus R05");
insert into inventories (date, article_id, quantity, price, movement, warehouses_id, description) values ("2025-01-18", "A002", 15, 129.71, "1", "BC01", "Entrada de 15 Mouse Inalámbrico Logitech");
insert into inventories (date, article_id, quantity, price, movement, warehouses_id, description) values ("2025-01-20", "B004", 20, 146.15, "1", "BN01", "Entrada de 20 Reposa pies Remintong");
insert into inventories (date, article_id, quantity, price, movement, warehouses_id, description) values ("2025-01-23", "A001", 8, 92.82, "1", "BS02", "Entrada de 8 Laptop Asus R05");
insert into inventories (date, article_id, quantity, price, movement, warehouses_id, description) values ("2025-01-23", "A002", 14, 54.9, "1", "BC01", "Entrada de 14 Mouse Inalámbrico Logitech");
insert into inventories (date, article_id, quantity, price, movement, warehouses_id, description) values ("2025-01-24", "B003", 19, 142.14, "1", "BS02", "Entrada de 19 Lampara de Escritorio Venus");
insert into inventories (date, article_id, quantity, price, movement, warehouses_id, description) values ("2025-01-26", "B001", 16, 155.55, "1", "BN01", "Entrada de 16 Silla de Oficina Remintong");
insert into inventories (date, article_id, quantity, price, movement, warehouses_id, description) values ("2025-01-28", "C003", 19, 105.58, "1", "BN01", "Entrada de 19 Comedor Arturo VI");
insert into inventories (date, article_id, quantity, price, movement, warehouses_id, description) values ("2025-01-30", "C002", 19, 174.92, "1", "BN01", "Entrada de 19 Espejo Cassandra");
insert into inventories (date, article_id, quantity, price, movement, warehouses_id, description) values ("2025-01-31", "A002", 1, 100.94, "-1", "BC01", "Salida de 1 Mouse Inalámbrico Logitech");
insert into inventories (date, article_id, quantity, price, movement, warehouses_id, description) values ("2025-02-01", "C001", 8, 53.27, "1", "BS01", "Entrada de 8 Sofá Primavera Verde");
insert into inventories (date, article_id, quantity, price, movement, warehouses_id, description) values ("2025-02-04", "A001", 8, 91.92, "1", "BS01", "Entrada de 8 Laptop Asus R05");
insert into inventories (date, article_id, quantity, price, movement, warehouses_id, description) values ("2025-02-06", "B001", 9, 109.77, "1", "BS01", "Entrada de 9 Silla de Oficina Remintong");
insert into inventories (date, article_id, quantity, price, movement, warehouses_id, description) values ("2025-02-07", "B004", 8, 84.08, "-1", "BS01", "Salida de 8 Reposa pies Remintong");
insert into inventories (date, article_id, quantity, price, movement, warehouses_id, description) values ("2025-02-08", "B004", 11, 58.44, "1", "BS02", "Entrada de 11 Reposa pies Remintong");
insert into inventories (date, article_id, quantity, price, movement, warehouses_id, description) values ("2025-02-10", "B001", 14, 199.76, "-1", "BN01", "Salida de 14 Silla de Oficina Remintong");
insert into inventories (date, article_id, quantity, price, movement, warehouses_id, description) values ("2025-02-11", "A002", 18, 82.99, "1", "BN01", "Entrada de 18 Mouse Inalámbrico Logitech");
insert into inventories (date, article_id, quantity, price, movement, warehouses_id, description) values ("2025-02-12", "A002", 8, 146.79, "1", "BS02", "Entrada de 8 Mouse Inalámbrico Logitech");
insert into inventories (date, article_id, quantity, price, movement, warehouses_id, description) values ("2025-02-12", "B004", 17, 108.04, "1", "BC01", "Entrada de 17 Reposa pies Remintong");
insert into inventories (date, article_id, quantity, price, movement, warehouses_id, description) values ("2025-02-16", "C003", 7, 186.87, "-1", "BN01", "Salida de 7 Comedor Arturo VI");
insert into inventories (date, article_id, quantity, price, movement, warehouses_id, description) values ("2025-02-18", "B002", 14, 163.84, "1", "BC01", "Entrada de 14 Escritorio Arminto");
insert into inventories (date, article_id, quantity, price, movement, warehouses_id, description) values ("2025-02-20", "B004", 12, 57.75, "-1", "BN01", "Salida de 12 Reposa pies Remintong");
insert into inventories (date, article_id, quantity, price, movement, warehouses_id, description) values ("2025-02-20", "C002", 8, 90.16, "1", "BS01", "Entrada de 8 Espejo Cassandra");
insert into inventories (date, article_id, quantity, price, movement, warehouses_id, description) values ("2025-02-23", "C001", 4, 58.67, "1", "BS02", "Entrada de 4 Sofá Primavera Verde");
insert into inventories (date, article_id, quantity, price, movement, warehouses_id, description) values ("2025-02-26", "B002", 19, 129.46, "1", "BS01", "Entrada de 19 Escritorio Arminto");
insert into inventories (date, article_id, quantity, price, movement, warehouses_id, description) values ("2025-02-28", "C001", 9, 142.14, "1", "BN01", "Entrada de 9 Sofá Primavera Verde");
insert into inventories (date, article_id, quantity, price, movement, warehouses_id, description) values ("2025-03-01", "B002", 16, 188.23, "-1", "BS01", "Salida de 16 Escritorio Arminto");
insert into inventories (date, article_id, quantity, price, movement, warehouses_id, description) values ("2025-03-04", "A002", 18, 177.15, "1", "BS01", "Entrada de 18 Mouse Inalámbrico Logitech");
insert into inventories (date, article_id, quantity, price, movement, warehouses_id, description) values ("2025-03-05", "B003", 16, 184.02, "1", "BN01", "Entrada de 16 Lampara de Escritorio Venus");
insert into inventories (date, article_id, quantity, price, movement, warehouses_id, description) values ("2025-03-05", "B001", 8, 159.95, "1", "BS01", "Entrada de 8 Silla de Oficina Remintong");
insert into inventories (date, article_id, quantity, price, movement, warehouses_id, description) values ("2025-03-07", "A002", 14, 182.87, "1", "BS01", "Entrada de 14 Mouse Inalámbrico Logitech");
insert into inventories (date, article_id, quantity, price, movement, warehouses_id, description) values ("2025-03-08", "A002", 18, 66.62, "-1", "BN01", "Salida de 18 Mouse Inalámbrico Logitech");
insert into inventories (date, article_id, quantity, price, movement, warehouses_id, description) values ("2025-03-09", "B001", 5, 82.52, "-1", "BS01", "Salida de 5 Silla de Oficina Remintong");
insert into inventories (date, article_id, quantity, price, movement, warehouses_id, description) values ("2025-03-13", "B003", 12, 113.67, "1", "BS01", "Entrada de 12 Lampara de Escritorio Venus");
insert into inventories (date, article_id, quantity, price, movement, warehouses_id, description) values ("2025-03-14", "B003", 7, 166.97, "-1", "BS01", "Salida de 7 Lampara de Escritorio Venus");
insert into inventories (date, article_id, quantity, price, movement, warehouses_id, description) values ("2025-03-14", "A002", 16, 92.25, "-1", "BC01", "Salida de 16 Mouse Inalámbrico Logitech");
insert into inventories (date, article_id, quantity, price, movement, warehouses_id, description) values ("2025-03-16", "A001", 6, 50.05, "-1", "BS02", "Salida de 6 Laptop Asus R05");
insert into inventories (date, article_id, quantity, price, movement, warehouses_id, description) values ("2025-03-18", "C003", 17, 162.56, "1", "BS01", "Entrada de 17 Comedor Arturo VI");
insert into inventories (date, article_id, quantity, price, movement, warehouses_id, description) values ("2025-03-19", "B002", 6, 162.98, "-1", "BC01", "Salida de 6 Escritorio Arminto");
insert into inventories (date, article_id, quantity, price, movement, warehouses_id, description) values ("2025-03-20", "A002", 13, 119.05, "1", "BN01", "Entrada de 13 Mouse Inalámbrico Logitech");
insert into inventories (date, article_id, quantity, price, movement, warehouses_id, description) values ("2025-03-22", "C001", 5, 62.51, "-1", "BS01", "Salida de 5 Sofá Primavera Verde");
insert into inventories (date, article_id, quantity, price, movement, warehouses_id, description) values ("2025-03-23", "B002", 8, 179.34, "1", "BS02", "Entrada de 8 Escritorio Arminto");
insert into inventories (date, article_id, quantity, price, movement, warehouses_id, description) values ("2025-03-23", "C003", 16, 97.99, "-1", "BS01", "Salida de 16 Comedor Arturo VI");
insert into inventories (date, article_id, quantity, price, movement, warehouses_id, description) values ("2025-03-23", "B003", 3, 74.05, "-1", "BS02", "Salida de 3 Lampara de Escritorio Venus");
insert into inventories (date, article_id, quantity, price, movement, warehouses_id, description) values ("2025-03-24", "A001", 3, 85.96, "-1", "BS01", "Salida de 3 Laptop Asus R05");
insert into inventories (date, article_id, quantity, price, movement, warehouses_id, description) values ("2025-03-25", "C002", 1, 71.3, "-1", "BS01", "Salida de 1 Espejo Cassandra");
insert into inventories (date, article_id, quantity, price, movement, warehouses_id, description) values ("2025-03-26", "B001", 5, 154.52, "-1", "BS01", "Salida de 5 Silla de Oficina Remintong");
insert into inventories (date, article_id, quantity, price, movement, warehouses_id, description) values ("2025-03-27", "C003", 4, 75.42, "-1", "BS02", "Salida de 4 Comedor Arturo VI");
insert into inventories (date, article_id, quantity, price, movement, warehouses_id, description) values ("2025-03-30", "C001", 3, 106.45, "1", "BC01", "Entrada de 3 Sofá Primavera Verde");
insert into inventories (date, article_id, quantity, price, movement, warehouses_id, description) values ("2025-03-31", "B002", 9, 114.97, "1", "BC01", "Entrada de 9 Escritorio Arminto");
insert into inventories (date, article_id, quantity, price, movement, warehouses_id, description) values ("2025-04-01", "C002", 7, 199.33, "1", "BC01", "Entrada de 7 Espejo Cassandra");
insert into inventories (date, article_id, quantity, price, movement, warehouses_id, description) values ("2025-04-01", "C002", 6, 84.66, "-1", "BS01", "Salida de 6 Espejo Cassandra");
insert into inventories (date, article_id, quantity, price, movement, warehouses_id, description) values ("2025-04-04", "B004", 6, 181.71, "-1", "BC01", "Salida de 6 Reposa pies Remintong");
insert into inventories (date, article_id, quantity, price, movement, warehouses_id, description) values ("2025-04-05", "B003", 4, 90.11, "-1", "BS01", "Salida de 4 Lampara de Escritorio Venus");
insert into inventories (date, article_id, quantity, price, movement, warehouses_id, description) values ("2025-04-06", "B004", 3, 186.45, "1", "BN01", "Entrada de 3 Reposa pies Remintong");